shot,kind,who,start_s,end_s,dur_s,text
0-1,narration,旁白,4.0,7.25,3.25,上海浦东，早上八点二十。
0-1,shot,,0.0,8.0,8,
0-2,narration,旁白,8.0,18.43,10.43,这是 Alex，第一次来中国。落地到上车，三十六分钟。真正起作用的那几分钟，在出发前。
0-2,shot,,8.0,19.0,11.0,
T,shot,,19.0,21.0,2,
1-1,narration,旁白,21.0,25.38,4.38,出发前一天，Trip.com 推了一条提醒。
1-1,shot,,21.0,26.0,5,
1-2,narration,旁白,26.0,31.53,5.53,它知道他明天飞上海，问他要不要先做落地检查。
1-2,shot,,26.0,32.0,6.0,
1-3,dialogue,Alex,32.0,34.18,2.18,Okay… two things to sort out.
1-3,narration,旁白,34.53,43.3,8.77,航班、酒店、esim卡，Trip.com 本来就知道。还差两件：上网，和支付。
1-3,shot,,32.0,44.0,12.0,
1-4,dialogue,Alex,44.0,45.27,1.27,"eSIM, done."
1-4,narration,旁白,45.62,48.18,2.55,上网这件事，一分钟。
1-4,shot,,44.0,49.0,5,
1-5,dialogue,Alex,49.0,52.53,3.53,Alipay. Never used it. Let's see the guide first.
1-5,narration,旁白,52.88,56.95,4.06,先按教程装好，再用一块钱验证。
1-5,shot,,49.0,57.5,8.5,
1-6,narration,旁白,57.5,64.43,6.93,一步一图：装应用、注册、加卡、护照实名。Alex 做到第三步。
1-6,shot,,57.5,67.5,10,
2-1,dialogue,Alex,67.5,70.52,3.02,Hm. 'Network error'? My Wi-Fi is fine…
2-1,narration,旁白,70.87,80.79,9.92,卡绑不上。支付宝说是网络错误，可他的网明明好好的。要是落地后才碰到，他就没退路了。
2-1,shot,,67.5,81.5,14.0,
2-2,dialogue,Alex,81.5,82.33,0.83,Let's ask.
2-2,narration,旁白,82.68,87.7,5.02,"教程页右下角一直有""我卡住了""。截图传上去。"
2-2,shot,,81.5,88.5,7.0,
2-3,shot,,88.5,90.5,2,
2-4,narration,旁白,90.5,108.37,17.87,它认出这不是网络问题，是银行拒绝了绑卡验证，给了三步：换一张不同网络的卡；验证码发到原来的号码；不行就走备用路。答案不是现编的，底下写着核验日期。
2-4,shot,,90.5,109.0,18.5,
2-5,dialogue,Alex,109.0,112.23,3.23,Different card… linked. And ID verified.
2-5,narration,旁白,112.58,116.42,3.84,换张 Visa，绑上了。实名顺手做完。
2-5,shot,,109.0,117.0,8.0,
2-6a,dialogue,Alex,117.0,119.1,2.1,Verify with one yuan? Sure.
2-6a,narration,旁白,119.45,124.55,5.09,装好不等于能付。真实付一块钱，原路退回。
2-6a,shot,,117.0,125.0,8.0,
2-6b,dialogue,Alex,125.0,127.5,2.5,"There we go. One yuan, refunded."
2-6b,narration,旁白,127.85,130.93,3.08,支付，在出发前就验证完了。
2-6b,shot,,125.0,131.5,6.5,
2-7,narration,旁白,131.5,134.56,3.06,三件事，全绿。可以出发了。
2-7,shot,,131.5,135.5,4,
3-1,narration,旁白,135.5,138.45,2.95,两天后的早上，飞机落地。
3-1,shot,,135.5,140.5,5,
3-2,narration,旁白,140.5,147.93,7.43,手机还没联网，提醒已经弹出来了。出发前就排好了，不需要网络。
3-2,shot,,140.5,148.5,8.0,
3-3,narration,旁白,148.5,150.12,1.62,回到八点二十。
3-3,shot,,148.5,151.5,3,
3-4,dialogue,Alex,151.5,153.19,1.69,All green. Let's go.
3-4,narration,旁白,153.54,163.07,9.53,先看能不能上网，eSIM 在，直接过。支付，出发前验证过了。只剩一件事：去酒店。
3-4,shot,,151.5,163.5,12.0,
3-5,shot,,163.5,164.5,1,
4-1,narration,旁白,164.5,177.11,12.61,它知道酒店订单，知道两件托运行李，所以推荐出租车，去二十五号门出租车接客点。地铁和网约车方案也给出。
4-1,shot,,164.5,178.0,13.5,
4-2,narration,旁白,178.0,181.04,3.04,上车前，一张中文地址卡。
4-2,shot,,178.0,183.0,5,
4-3,dialogue,Alex,183.0,185.13,2.13,"Hi! This one, please."
4-3,dialogue,Driver,185.48,187.62,2.14,"OK, The PuLi Hotel."
4-3,narration,旁白,187.97,189.65,1.68,不用说一句中文。
4-3,shot,,183.0,190.5,7.5,
4-4,narration,旁白,190.5,192.41,1.91,第一小时，结束。
4-4,shot,,190.5,193.5,3,
5-1,dialogue,Alex,193.5,196.67,3.17,Thirty-six minutes. Not bad for a first-timer.
5-1,narration,旁白,197.02,204.91,7.88,第一小时做成一张卡，一键分享。下一个来中国的人，从这张卡点进来。
5-1,shot,,193.5,205.5,12.0,
5-2,shot,,205.5,210.5,5,
6-1,narration,旁白,210.5,220.85,10.35,从订单出发，起飞前准备好，落地时帮你看一眼，卡住了给核验过的答案，再告诉你下一步。
6-1,shot,,210.5,221.5,11.0,
6-2,narration,旁白,221.5,224.5,3.0,Landing Check，长在 Trip.com 里。
6-2,shot,,221.5,225.5,4,
